path,mask_id,start_frame,end_frame,fps,Original_video_caption,Edited_video_caption,Edited_image_caption,Editing_instruction,type
000000014746_3937531.mp4,2,0,299,30,"The video features a serene sunset scene at a beach with the sun dipping below the horizon, casting a golden glow across the sky and sea. The colors transition from orange and yellow to purple and blue, reflecting on the calm waters. A rugged limestone cliff stands to the right, its silhouette against the sky, while a solitary rock floats in the water. As time passes, the sky's colors deepen, and the cliff's presence becomes more pronounced, with a solitary figure eventually appearing on the cliff, adding a sense of scale and contemplation to the tranquil natural setting.","The video features a serene sunset scene at a beach with the sun dipping below the horizon, casting a golden glow across the sky and sea. The colors transition from orange and yellow to purple and blue, reflecting on the calm waters. A flock of seagulls flies in the sky, adding movement to the tranquil scene. A rugged limestone cliff stands to the right, its silhouette against the sky, while a solitary rock floats in the water. As time passes, the sky's colors deepen, and the cliff's presence becomes more pronounced, with a solitary figure eventually appearing on the cliff, adding a sense of scale and contemplation to the tranquil natural setting.",A flock of seagulls flying across the pastel sunset sky.,Add a flock of seagulls flying in the sky.,add
000000032076_4637063.mp4,2,522,811,29,Mute swan on the river,Mute swan on the river with a family of ducks swimming nearby,"A family of ducks swimming near the swan, creating gentle ripples on the water.",Add a family of ducks swimming near the swan.,add
000000015767_3982751.mp4,2,0,289,29,"Three young women, dressed in cozy winter attire, stand together in a tranquil outdoor setting, engaging in the warmth of sharing a hot drink. Initially, they are seen in a moment of camaraderie, with one woman sipping from a mug, another pouring from a thermos, and the third observing. As moments pass, their activities slightly change; one woman sips from a white mug, another examines a small metal cup, and the third holds a stainless steel thermos. Their expressions of contentment and enjoyment, along with the soft natural lighting, highlight the serene atmosphere of their gathering.","Two young women, dressed in cozy winter attire, stand together in a tranquil snowy winter landscape, engaging in the warmth of sharing a hot drink. Initially, they are seen in a moment of camaraderie, with one woman sipping from a mug, another pouring from a thermos. As moments pass, their activities slightly change; one examines a small metal cup, and the other holds a stainless steel thermos. Their expressions of contentment and enjoyment, along with the soft natural lighting, highlight the serene atmosphere of their gathering.","Snow-covered trees and ground with a soft, overcast winter sky.",Remove the woman.,remove
000000021659_4187478.mp4,1,0,289,29,"A woman practices yoga on a wooden dock with a blue handrail in a calm, muddy river, surrounded by lush greenery and concrete stairs with graffiti. She is dressed in a pink tank top, black leggings, and sports shoes, indicating a focus on physical activity. The serene setting is enhanced by the soft lighting, suggesting it might be early morning or late afternoon. As she continues her practice, the environment remains tranquil, with the overcast sky casting a soft light on the scene, emphasizing the peacefulness of her solitary exercise routine.","A woman practices yoga on a wooden dock with a blue handrail in a calm, muddy river, surrounded by lush greenery and concrete stairs with graffiti, down which a cascading waterfall flows. She is dressed in a pink tank top, black leggings, and sports shoes, indicating a focus on physical activity. The serene setting is enhanced by the soft lighting, suggesting it might be early morning or late afternoon. As she continues her practice, the environment remains tranquil, with the overcast sky casting a soft light on the scene, emphasizing the peacefulness of her solitary exercise routine.","Cascading waterfall flowing down the steps, with shimmering, clear water and subtle splashes.",Add a cascading waterfall flowing down the steps.,add
000000038617_4841884.mp4,2,0,249,25,"A young boy with curly hair and glasses, wearing a backwards baseball cap and a black sports jersey with a red and white stripe, stands in an arcade room filled with classic video games like 'Dragon's Den' and 'Space Invaders'. Initially, he appears contemplative, hand on nose, surrounded by the nostalgic ambiance of the arcade. As time passes, his demeanor shifts to a beaming smile, maintaining his casual attire and accessories, with the warm purple and blue lighting enhancing the retro feel of the scene. The arcade's brick walls and neon lights contribute to the overall nostalgic atmosphere.","A young boy with curly hair and glasses, wearing a backwards baseball cap and a black sports jersey with a red and white stripe, stands in an arcade room filled with classic video games like 'Dragon's Den' and 'Space Invaders'. Initially, he appears contemplative, hand on nose, surrounded by the nostalgic ambiance of the arcade. Above the arcade machine, a neon sign that says ""Play Here"" glows brightly. As time passes, his demeanor shifts to a beaming smile, maintaining his casual attire and accessories, with the warm purple and blue lighting enhancing the retro feel of the scene. The arcade's brick walls and neon lights contribute to the overall nostalgic atmosphere.","Neon sign reading ""Play Here"" in bright blue and pink above the arcade machine.","Swap the item with a neon sign above the arcade machine that says ""Play Here"".",swap
000000040680_4918206.mp4,4,750,949,25,"A man in a plaid shirt, denim overalls, and a white cap is seen feeding a donkey with a pitchfork in a rural farm setting. He stands next to a green wheelbarrow filled with hay, with a donkey nearby, against a backdrop of a wooden fence, a dark green-roofed building, and a clear blue sky. The scene is set on a farm with lush greenery, trees, and a distant structure, suggesting a peaceful day of farm life. The man's attire and the presence of the donkey indicate a routine of care and feeding in a pastoral environment.","A man in a plaid shirt, denim overalls, and a white cap is seen feeding a zebra with a pitchfork in a rural farm setting. He stands next to a green wheelbarrow filled with hay, with a zebra nearby, against a backdrop of a wooden fence, a dark green-roofed building, and a clear blue sky. The scene is set on a farm with lush greenery, trees, and a distant structure, suggesting a peaceful day of farm life. The man's attire and the presence of the zebra indicate a routine of care and feeding in a pastoral environment.",Black and white striped zebra standing on grassy ground.,Change the donkey into a zebra.,swap
000000056289_5390251.mp4,1,290,579,29,"A man in casual attire, including a black t-shirt, blue jeans, and sneakers, is seen walking on a paved path in a park with his golden retriever guide dog. The dog, wearing a harness and leash, is focused on navigating the path, which is lined with trees and benches, indicating a serene environment. The man uses a red and white cane for support, and the dog's calm demeanor and attentive posture reflect its role as a service animal. The scene is peaceful, with the soft lighting suggesting it might be early morning or late afternoon.","A man in casual attire, including a black t-shirt, blue jeans, and sneakers, is seen walking on a paved path in a park with his golden retriever guide dog. The dog, wearing a harness, leash, and a colorful bandana around its neck, is focused on navigating the path, which is lined with trees and benches, indicating a serene environment. The man uses a red and white cane for support, and the dog's calm demeanor and attentive posture reflect its role as a service animal. The scene is peaceful, with the soft lighting suggesting it might be early morning or late afternoon.","A vibrant, multicolored bandana tied around the dog's neck.",Swap the dog with one wearing a colorful bandana.,swap
000000043049_4986450.mp4,2,0,173,29,"A black and white cow with a bell around its neck grazes on a lush green field, surrounded by a serene landscape of rolling hills, a forest, and a small village nestled against a mountainous backdrop under a clear blue sky. As time passes, the cow, still in the same setting, continues to graze on vibrant green grass, with the scenery including a small village among the trees and a church spire visible in the distance, all under a sunny sky with scattered clouds.","A blue cow with a bell around its neck grazes on a lush green field, surrounded by a serene landscape of rolling hills, a forest, and a small village nestled against a mountainous backdrop under a clear blue sky. As time passes, the cow, still in the same setting, continues to graze on vibrant green grass, with the scenery including a small village among the trees and a church spire visible in the distance, all under a sunny sky with scattered clouds.","Cow's fur is a vibrant blue with a glossy texture, contrasting with white patches.",Change the cow's fur color to blue.,change
000000004522_2307504.mp4,17,348,521,29,"A drone captures a tranquil winter scene, showcasing a frozen lake and a stately castle with red roofs and cream walls, surrounded by a well-maintained garden. The castle, featuring a clock tower and multiple spires, stands out against the clear blue sky. A pathway leads to the castle's entrance, flanked by leafless trees and a small bridge. As the scene unfolds, the castle's architectural details, including a central clock tower and smaller spires, are highlighted. The surrounding bare trees and the serene, isolated atmosphere are emphasized, with no people or animals present.","A drone captures a tranquil winter scene, showcasing a frozen lake and a stately castle with red roofs and cream walls, surrounded by a well-maintained garden. The castle, featuring a clock tower and multiple spires, stands out against the clear blue sky, which also features a hot air balloon floating gracefully. A pathway leads to the castle's entrance, flanked by leafless trees and a small bridge. As the scene unfolds, the castle's architectural details, including a central clock tower and smaller spires, are highlighted. The surrounding bare trees and the serene, isolated atmosphere are emphasized, with no people or animals present.","A colorful hot air balloon with red, yellow, and blue stripes floating in the clear blue sky.",Add a hot air balloon in the sky.,add
000000007261_3044759.mp4,18,200,386,25,"A young Black woman with her hair in an afro is seated at a white desk, working on a computer with a wireless keyboard and mouse. She is dressed in a light beige shirt over a coral top, with her nails painted pink. The office is modern and minimalist, featuring a sleek black monitor, a potted plant, and a gray floor. As time passes, the woman remains focused on her work, with the scene highlighting the contemporary design of the office space, including a white desk, a black chair, and a potted plant, all under natural light.","A young Black woman with her hair in an afro is seated at a white desk, working on a computer with a wireless keyboard and mouse. A colorful butterfly lands on her hair, adding a touch of whimsy to the scene. She is dressed in a light beige shirt over a coral top, with her nails painted pink. The office is modern and minimalist, featuring a sleek black monitor, a potted plant, and a gray floor. As time passes, the woman remains focused on her work, with the scene highlighting the contemporary design of the office space, including a white desk, a black chair, and a potted plant, all under natural light.",A vibrant blue and orange butterfly delicately perched on the curly hair.,Add a colorful butterfly landing on the hair.,add
000000031262_4617494.mp4,2,0,239,24,"A drone captures a cityscape where the skyline, with its glass-clad skyscrapers, stands tall against a clear blue sky. The urban environment is a blend of greenery and infrastructure, including a network of train tracks and a busy highway. Residential areas with single-family homes and small businesses are visible, alongside commercial buildings. The city's architecture varies from modern high-rises to older structures, with a baseball field adding a touch of greenery. The scene is dynamic, with the movement of vehicles and the presence of a sports field, highlighting the city's vibrant life and architectural diversity.","A drone captures a cityscape where the skyline, with its glass-clad skyscrapers, stands tall against a clear blue sky, which is dotted with a flock of birds. The urban environment is a blend of greenery and infrastructure, including a network of train tracks and a busy highway. Residential areas with single-family homes and small businesses are visible, alongside commercial buildings. The city's architecture varies from modern high-rises to older structures, with a baseball field adding a touch of greenery. The scene is dynamic, with the movement of vehicles and the presence of a sports field, highlighting the city's vibrant life and architectural diversity.",A flock of birds soaring in the clear blue sky.,Add a flock of birds in the sky.,add
000000043567_5002121.mp4,9,100,311,25,"A field of tall, golden-brown grass stretches out under a vast blue sky, with the earthy tones of the grass contrasting against the sky. In the background, a mountain range rises majestically, its peaks softened by a gentle haze, creating a sense of depth and grandeur. The scene is tranquil, with no sign of human or animal activity, evoking a sense of peace and natural beauty. As time passes, the golden-brown grasses continue to dominate the foreground, while the mountain range stands as a silent sentinel in the background, its slopes softened by a gentle haze, maintaining the serene and untouched atmosphere.","A field of tall, golden-brown grass stretches out under a vast blue sky, with the earthy tones of the grass contrasting against the sky. In the background, a mountain range rises majestically, its peaks softened by a gentle haze, creating a sense of depth and grandeur. Atop the mountain, a castle stands proudly, adding a touch of mystique to the serene landscape. The scene is tranquil, with no sign of human or animal activity, evoking a sense of peace and natural beauty. As time passes, the golden-brown grasses continue to dominate the foreground, while the mountain range with its castle stands as a silent sentinel in the background, its slopes softened by a gentle haze, maintaining the serene and untouched atmosphere.","Ancient stone castle with tall towers and flags, perched atop the rugged mountain.",Add a castle on top of the mountain.,add
000000091282_6236421.mp4,2,0,191,24,"Two women are engaged in a skincare routine in a bathroom. Initially, one woman, with a white towel wrapped around her head and a robe, applies a black under-eye mask to her face, while the other, with pink hair rollers, watches. Moments later, the scene shifts slightly; the woman with the white towel now applies a black eye mask to her right eye, and the other, with blonde curls, applies a similar mask to her left eye. The setting is a luxurious bathroom, with a large mirror reflecting their actions, emphasizing a serene and self-care atmosphere.","Two women are engaged in a skincare routine in a bathroom. Initially, one woman, with a white towel wrapped around her head and a robe, applies a black under-eye mask to her face, while wearing a pair of sunglasses, while the other, with pink hair rollers, watches. Moments later, the scene shifts slightly; the woman with the white towel now applies a black eye mask to her right eye, and the other, with blonde curls, applies a similar mask to her left eye while also wearing a pair of sunglasses. The setting is a luxurious bathroom, with a large mirror reflecting their actions, emphasizing a serene and self-care atmosphere.","Black sunglasses with a sleek, modern frame and dark lenses.",Add a pair of sunglasses.,add
000000162292_7691629.mp4,7,300,499,25,"Four professionals, two men and two women, are engaged in a collaborative meeting in an office. Initially, a man in a navy blazer and a woman in a brown checkered blazer are seen discussing a laptop screen, with another man in a white sweater and a woman in a black and white patterned coat observing. As time progresses, the group's dynamic shifts slightly; the man in the navy blazer now points at the laptop screen, indicating a discussion or presentation, while the woman in the brown blazer smiles and engages with the content. The man in the white sweater gestures thoughtfully, and the woman in the black and white patterned coat appears contemplative, hand to cheek.","Four professionals, two men and two women, are engaged in a collaborative meeting in an office. Initially, a man in a navy blazer and a woman in a brown checkered blazer are seen discussing a laptop screen, with another man in a white sweater and a woman in a black and white patterned coat observing. In the background, there is a large chalkboard filled with complex equations. As time progresses, the group's dynamic shifts slightly; the man in the navy blazer now points at the laptop screen, indicating a discussion or presentation, while the woman in the brown blazer smiles and engages with the content. The man in the white sweater gestures thoughtfully, and the woman in the black and white patterned coat appears contemplative, hand to cheek.",Large green chalkboard with white complex mathematical equations and diagrams.,Swap the background with a large chalkboard with complex equations.,swap
000000189013_8285848.mp4,4,0,299,30,"A drone glides over a densely populated cityscape, showcasing a mix of modern skyscrapers and traditional buildings under an overcast sky. The city's architecture varies from sleek glass facades to aged structures with red-tiled roofs, creating a serene yet somber mood. As the drone moves, the urban environment's stillness is highlighted, with no visible human activity. The hazy sky enhances the mood of quietude, while the drone's flight adds a dynamic element to the otherwise static scene.","A drone glides over a densely populated cityscape, showcasing a mix of modern skyscrapers and traditional buildings under an overcast sky. Hovering above the buildings, a giant futuristic spaceship adds an intriguing, otherworldly element to the scene. The city's architecture varies from sleek glass facades to aged structures with red-tiled roofs, creating a serene yet somber mood. As the drone moves, the urban environment's stillness is highlighted, with no visible human activity. The hazy sky enhances the mood of quietude, while the drone's flight and the presence of the spaceship add dynamic elements to the otherwise static scene.",A massive metallic spaceship with glowing blue lights hovering above the skyline.,Add a giant futuristic spaceship hovering above the buildings.,add
000000190937_8323037.mp4,12,219,468,25,"A mature man with silver hair and dark sunglasses, dressed in a light grey suit, white shirt, and cream sweater, confidently walks along a dirt path in a park, holding a black umbrella and a red and white cane. The overcast weather and lush greenery suggest a cool, possibly rainy day. As he continues, the man, now in a grey suit with a white shirt and dark tie, is seen holding a black umbrella and a red and white walking stick, indicating a moment of solitude. The scene is peaceful, with a metal bench and a gate visible, emphasizing the man's solitary journey.","A mature man with silver hair and dark sunglasses, dressed in a light grey suit, white shirt, and cream sweater, confidently walks along a dirt path in a park, holding a black umbrella and a red and white cane. The overcast weather and lush greenery suggest a cool, possibly rainy day. As he continues, the man, now in a grey suit with a white shirt and dark tie, is seen holding a black umbrella and a red and white walking stick, indicating a moment of solitude. The scene is peaceful, with a metal bench, on which a sleeping cat lies, and a gate visible, emphasizing the man's solitary journey.",A curled-up tabby cat sleeping peacefully on the weathered green bench.,Add a sleeping cat on the bench.,add
000000208144_8641513.mp4,27,350,554,25,"A man and a woman share an intimate moment, foreheads touching and eyes locked in a silent exchange that speaks volumes of their connection. The woman, with her blonde hair tied back and wearing a black leather jacket over a striped shirt, and the man, sporting curly black hair and a mustache, dressed in a white shirt with a red and beige pattern, are illuminated by soft lighting that casts gentle shadows on their faces. This lighting suggests it might be early morning or late evening, adding to the romantic atmosphere of their encounter. The background, though blurred, hints at an urban setting, possibly near a car.","A man and a woman share an intimate moment, foreheads touching and eyes locked in a silent exchange that speaks volumes of their connection. A colorful butterfly rests on the woman's shoulder, adding a touch of whimsy to the scene. The woman, with her blonde hair tied back and wearing a black leather jacket over a striped shirt, and the man, sporting curly black hair and a mustache, dressed in a white shirt with a red and beige pattern, are illuminated by soft lighting that casts gentle shadows on their faces. This lighting suggests it might be early morning or late evening, adding to the romantic atmosphere of their encounter. The background, though blurred, hints at an urban setting, possibly near a car.","A vibrant butterfly with blue, orange, and yellow wings resting on the face of girl with open eyes.",Add a colorful butterfly on the face.,add
000005009143.0.mp4,1,300,499,25,"A translucent, luminescent jellyfish with a bell-shaped body and delicate tentacles floats against a pitch-black backdrop, its white glow contrasting sharply with the darkness. The scene is speckled with particles, adding to the sense of movement and depth, and evoking a feeling of wonder and the vastness of space. As time passes, the jellyfish's ethereal form and the surrounding specks of light continue to highlight the serene yet dynamic atmosphere, emphasizing the jellyfish's delicate structure and the contrast between its luminescence and the surrounding darkness.","A translucent, luminescent jellyfish with a bell-shaped body and delicate tentacles floats against a pitch-black backdrop, adorned with stars and a vibrant nebula, its white glow contrasting sharply with the cosmic scenery. The scene is speckled with particles, adding to the sense of movement and depth, and evoking a feeling of wonder and the vastness of space. As time passes, the jellyfish's ethereal form and the surrounding celestial elements continue to highlight the serene yet dynamic atmosphere, emphasizing the jellyfish's delicate structure and the contrast between its luminescence and the surrounding cosmic background.",Sparkling stars and a colorful nebula with swirling clouds surrounding the brain.,Add stars and a nebula around the brain to create a cosmic background.,add
000005011657.0.mp4,2,0,249,25,"Two volunteers in light blue t-shirts and blue gloves are seen organizing and packing donations in a communal space, likely a charity or community center. They are focused on placing various items, including bottled water and snacks, into cardboard boxes labeled 'DONATIONS'. The setting is indoors, with a wooden table and shelves filled with boxes and supplies, indicating a dedicated charitable activity. The volunteers' careful handling of the items and their methodical approach to packing the donations highlight a sense of community service and care.","Two volunteers in light blue t-shirts and blue gloves are seen organizing and packing donations in a communal space, likely a charity or community center. They are focused on placing various items, including bottled water and snacks, into cardboard boxes labeled 'DONATIONS,' with a small kitten peeking out of one of the boxes. The setting is indoors, with a wooden table and shelves filled with boxes and supplies, indicating a dedicated charitable activity. The volunteers' careful handling of the items and their methodical approach to packing the donations highlight a sense of community service and care.",A small gray kitten with blue eyes peeking out of the cardboard donation box.,Add a small kitten peeking out of the donation box.,add
000005068045.0.mp4,3,500,931,50,"A young woman, dressed in a black cap and light green hoodie, stands in front of a modern red and white building, holding a cardboard box filled with fresh produce like bananas and leafy greens. Initially, she smiles warmly at the camera, exuding friendliness and approachability. As time passes, her expression shifts to one of contentment and professionalism, suggesting she is a delivery person. The setting is an urban environment with a clear sky, and the presence of a potted plant adds a touch of greenery to the scene.","A young woman, dressed in a black cap and light green hoodie, stands in front of a modern red and white building, holding a cardboard box filled with fresh produce like bananas and leafy greens, with a kitten peeking out from the top of the box. Initially, she smiles warmly at the camera, exuding friendliness and approachability. As time passes, her expression shifts to one of contentment and professionalism, suggesting she is a delivery person. The setting is an urban environment with a clear sky, and the presence of a potted plant adds a touch of greenery to the scene.",Gray and white kitten peeking out from the top of the box.,Add a kitten peeking out from the top of the box.,add
000000004723_2402366.mp4,3,0,191,24,"Three silhouetted individuals are inside a dimly lit room, observing a large ship through a window. Initially, one person is taking a photograph, another is on a phone call, and the third is looking out. The ship, labeled 'LNG', is docked at an industrial port with cranes and a lighthouse in the background, under an overcast sky. Two seconds later, the scene remains similar, with the individuals' activities unchanged, but the ship's name is now 'SINOPEC'. The setting suggests a moment of quiet contemplation or observation, with the individuals' attention fixed on the ship.","Two silhouetted individuals are inside a dimly lit room, observing a large ship through a window. Initially, one person is taking a photograph, and the other is looking out. The ship, labeled 'LNG', is anchored near a beach with waves and a lighthouse in the background, under an overcast sky. Two seconds later, the scene remains similar, with the individuals' activities unchanged, but the ship's name is now 'SINOPEC'. The setting suggests a moment of quiet contemplation or observation, with the individuals' attention fixed on the ship.",The green bush and part of a ship.,Remove the person.,remove
000000004426_2257025.mp4,4,0,229,23,"A drone captures a coastal town at sunset, showcasing a blend of pastel-colored buildings and a prominent church with a bell tower. The town, bathed in the golden light of the setting sun, features a road winding through, lined with sparse vegetation and vehicles, indicating the presence of residents. The calm sea mirrors the sky's gradient from peach to deep blue, with distant mountains silhouetted against the fading light. As the sun dips lower, the town's architecture, a mix of residential and commercial, is highlighted, with the serene sea and clear sky enhancing the tranquil atmosphere.","A drone captures a coastal town at sunset, showcasing a blend of pastel-colored buildings and a prominent church with a bell tower. The town, bathed in the golden light of the setting sun, features a road winding through, lined with sparse vegetation, vehicles, and a colorful playground in the empty area, indicating the presence of residents. The calm sea mirrors the sky's gradient from peach to deep blue, with distant mountains silhouetted against the fading light. As the sun dips lower, the town's architecture, a mix of residential and commercial, is highlighted, with the serene sea and clear sky enhancing the tranquil atmosphere.","Bright playground with red slides, blue swings, yellow climbing frames, and green grassy ground.",Add a colorful playground in the empty area.,add
000000008483_3173833.mp4,1,174,463,29,"A colossal Buddha statue in meditation sits atop a white base with classical columns, surrounded by a dense forest. The statue's pinkish-brown robe contrasts with the greenery and the partly cloudy sky. A dirt path leads to the base, suggesting human presence. As the view continues, the Buddha statue, still in its meditative pose, is seen atop a white building with a red-tiled roof, set against a backdrop of lush greenery and a partly cloudy sky. The scene is serene, with the Buddha's hands gently resting in the lap, and the surrounding forest and sky enhancing the tranquil atmosphere.","A colossal Buddha statue in meditation sits atop a white base with classical columns, surrounded by a dense forest. The statue's pinkish-brown robe contrasts with the greenery and the partly cloudy sky. A dirt path leads to the base, suggesting human presence. As the view continues, the Buddha statue, still in its meditative pose, is seen atop a white building with a red-tiled roof, set against a backdrop of lush greenery, a partly cloudy sky, and a cascading waterfall. The scene is serene, with the Buddha's hands gently resting in the lap, and the surrounding forest, sky, and waterfall enhancing the tranquil atmosphere.",Cascading waterfall with lush greenery and mist in the background.,Swap the statue with a waterfall.,swap
000000112319_6693826.mp4,3,720,902,30,"A young Black woman with voluminous, curly hair, wearing a white bathrobe, stands in a serene bathroom holding a wooden tray with spa essentials. The tray includes amber glass bottles with black pump dispensers, a white candle, and a bowl of white flowers, all contributing to a tranquil atmosphere. The room features mosaic tiles, a classic clawfoot bathtub, and a vase of white flowers, enhancing the spa-like setting. Her calm and confident demeanor suggests she is a professional or host, ready to provide a relaxing experience.","A young Black woman with voluminous, curly hair, wearing a white bathrobe, stands in a serene bathroom holding a glass tray with spa essentials. The tray includes amber glass bottles with black pump dispensers, a white candle, and a bowl of white flowers, all contributing to a tranquil atmosphere. The room features mosaic tiles, a classic clawfoot bathtub, and a vase of white flowers, enhancing the spa-like setting. Her calm and confident demeanor suggests she is a professional or host, ready to provide a relaxing experience.","Transparent glass tray with smooth, reflective surface and rounded edges.",Change the material of the tray to glass.,change
000000184233_8164089.mp4,2,100,346,25,"A man in a dark grey blazer and white shirt is seated on a city fountain's edge, eating from a wooden bowl with a fork, surrounded by a serene urban park setting. He is dressed casually with light beige trousers and brown loafers, and a brown paper bag and a disposable coffee cup are beside him, indicating a lunch break. The scene is peaceful, with a clear sky, lush greenery, and a fountain spraying water into the air. Other individuals are present in the background, enjoying the park's tranquility. The man's attire and the setting suggest a blend of professionalism and leisure.","A man in a dark grey blazer and white shirt is seated on a city fountain's edge, eating from a wooden bowl with a fork, surrounded by a serene urban park setting. He is dressed casually with light beige trousers and brown loafers, and a brown paper bag, a steaming cup of coffee, and a disposable coffee cup are beside him, indicating a lunch break. The scene is peaceful, with a clear sky, lush greenery, and a fountain spraying water into the air. Other individuals are present in the background, enjoying the park's tranquility. The man's attire and the setting suggest a blend of professionalism and leisure.",A steaming white cup of coffee with wisps of steam rising.,Swap the paper bag with a steaming cup of coffee.,swap
000000246612_9987553.mp4,23,350,549,25,"A young man with a beard and short hair, wearing a white shirt and brown trousers, sits on a sofa, holding hands with an older woman with blonde hair, also in white. They are in a room filled with books, suggesting a love for reading, and bathed in natural light from a window. Their expressions are tender and affectionate, indicating a deep emotional connection. The scene is intimate, with the man's reflection visible in a glass partition, adding a layer of introspection to the moment. The atmosphere is warm and cozy, highlighted by the soft lighting and the book-filled background.","A young man with a beard and short hair, wearing a white shirt and brown trousers, sits on a sofa, holding hands with an older woman with blonde hair, also in white. They are in a room filled with books, suggesting a love for reading, and the view through the window reveals a serene beach scene. Their expressions are tender and affectionate, indicating a deep emotional connection. The scene is intimate, with the man's reflection visible in a glass partition, adding a layer of introspection to the moment. The atmosphere is warm and cozy, highlighted by the soft lighting and the book-filled background.",Golden sandy beach with gentle waves and clear blue sky.,Change the window view to a beach scene.,change
000005009435.0.mp4,15,552,729,23,"Aerial view of colosseum in rome, italy",Aerial view of Colosseum on an alien planet with bioluminescent vegetation,"Crimson sky, floating rocks, and bioluminescent vegetation with unusual alien structures.",Change the environment to an alien planet.,change
000005038055.0.mp4,5,0,499,50,"A man in a light grey suit and yellow tie is seated at an office desk, working on a computer, while a woman in a white blazer with a black collar stands beside him, holding a glass of water. They are in a professional setting with a wooden filing cabinet, papers, and a plant, under natural light from a window with vertical blinds. The scene shifts slightly as the woman, now holding a pen, appears to be in a serious discussion with the man, who is now in a black leather chair. The office is well-lit, with a vintage computer, keyboard, mouse, and a potted plant on the desk.","A man in a light grey suit and yellow tie is seated at an office desk, working on a computer with a modern flat-screen monitor, while a woman in a white blazer with a black collar stands beside him, holding a glass of water. They are in a professional setting with a wooden filing cabinet, papers, and a plant, under natural light from a window with vertical blinds. The scene shifts slightly as the woman, now holding a pen, appears to be in a serious discussion with the man, who is now in a black leather chair. The office is well-lit, with a modern flat-screen monitor, keyboard, mouse, and a potted plant on the desk.","Sleek, thin black flat-screen monitor with a glossy finish and minimal bezel.",Change the computer monitor to a modern flat-screen monitor.,change
000000035775_4763044.mp4,1,0,249,25,Glass on a book,Glass on a book with bright red glasses,Bright red glasses frames with a glossy finish.,Change the color of the glasses to bright red.,change
000000035859_4764973.mp4,5,276,413,23,"Protests unfold in front of a modern building, with individuals holding signs that read ""I CAN'T BREATHE"" and ""JUSTICE NOW,"" signaling a call for justice and an end to police brutality. The protesters, wearing casual attire and masks, suggest a grassroots movement during a health-conscious era. The scene is set against a backdrop of trees and a clear sky, indicating a peaceful demonstration. The protesters' raised fists and determined expressions convey a strong message of solidarity and resistance. The consistent imagery across the frames highlights the protest's focus on justice and the fight against police brutality.","Protests unfold in front of a modern building, with individuals holding signs that read ""LOVE AND PEACE,"" signaling a call for justice and an end to police brutality. The protesters, wearing casual attire and masks, suggest a grassroots movement during a health-conscious era. The scene is set against a backdrop of trees and a clear sky, indicating a peaceful demonstration. The protesters' raised fists and determined expressions convey a strong message of solidarity and resistance. The consistent imagery across the frames highlights the protest's focus on justice and the fight against police brutality.","White sign with ""Love and Peace"" written in bold black letters.","Change the sign to say ""Love and Peace.""",change
000000048308_5137835.mp4,3,0,149,25,"Two women are in a cozy, eclectic room with a vintage aesthetic. Initially, one woman is seated at a distressed wooden counter, working on a laptop, while the other stands by a window, holding a pillow. The room features a red 'S' letter, a map, photographs, a globe, and a chandelier, creating a warm ambiance. Later, the woman at the counter is seen working on a computer, and the other, now in a green jacket and blue jeans, holds a pillow and looks out the window, with a third person visible in the mirror reflection, suggesting a social setting.","Two women are in a cozy, eclectic room with a vintage aesthetic. Initially, one woman is seated at a distressed wooden counter, working on a laptop, while the other stands by a window, holding a pillow. The room features a red 'S' letter, a map, photographs, a globe, a blue clock face, and a chandelier, creating a warm ambiance. Later, the woman at the counter is seen working on a computer, and the other, now in a green jacket and blue jeans, holds a pillow and looks out the window, with a third person visible in the mirror reflection, suggesting a social setting.",Blue clock face with white numerals and hands.,Change the color of the clock face to blue.,change
000000049873_5200345.mp4,2,200,449,25,"A smiling teacher with curly hair and glasses stands at the front of a classroom, hands clasped in front of her. She is dressed in a brown blazer over a light blue shirt and checkered trousers, exuding warmth and approachability. The classroom is well-equipped with educational materials, including books, a globe, and a world map, indicating a focus on geography and global studies. A chalkboard with the message 'Mr. Smith's Class' and a schedule for the day is visible, suggesting an organized learning environment. The teacher's friendly demeanor and the orderly setting reflect a positive and engaging educational atmosphere.","A smiling teacher with curly hair and glasses stands at the front of a classroom, hands clasped in front of her. She is dressed in a bright red blazer over a light blue shirt and checkered trousers, exuding warmth and approachability. The classroom is well-equipped with educational materials, including books, a globe, and a world map, indicating a focus on geography and global studies. A chalkboard with the message 'Mr. Smith's Class' and a schedule for the day is visible, suggesting an organized learning environment. The teacher's friendly demeanor and the orderly setting reflect a positive and engaging educational atmosphere.",Bright red jacket with smooth fabric and matching buttons.,Change the color of the jacket to bright red.,change
000000055331_5368229.mp4,11,50,276,25," The video features a serene and stylish March 2023 calendar with a handwritten'march' inscription, set against a pastel pink and yellow background. The scene includes a small bouquet of purple flowers, two white macarons on a stone dish, and a plate with strawberries and a croissant, creating a tranquil atmosphere. As time passes, the arrangement maintains its calm and organized feel, with the addition of a croissant on a ceramic plate, enhancing the leisurely and refined setting. The color scheme and elements together evoke a sense of calm and refined taste.","The video features a serene and stylish August 2023 calendar with a handwritten 'august' inscription, set against a pastel pink and yellow background. The scene includes a small bouquet of purple flowers, two white macarons on a stone dish, and a plate with strawberries and a croissant, creating a tranquil atmosphere. As time passes, the arrangement maintains its calm and organized feel, with the addition of a croissant on a ceramic plate, enhancing the leisurely and refined setting. The color scheme and elements together evoke a sense of calm and refined taste.","""Elegant black 'August' text on beige brushstroke background, matching the calendar's handwritten style""",Change the month displayed on the calendar to August.,change
000000134923_7169873.mp4,2,92,229,23,"A woman in a grey kimono is seated at a wooden table, engaged in a traditional Japanese tea ceremony. She is focused on pouring green tea from a ceramic jug into a small cup on a bamboo tray, surrounded by a serene setting that includes a blue and white porcelain teapot, a silver tea scoop, and various other tea utensils. The room is filled with natural light, enhancing the tranquil atmosphere. A vintage desk and chair, along with a book and writing implements, suggest a space dedicated to cultural practices. The scene is bathed in natural light, highlighting the warmth and tranquility of the setting.","A woman with bright blue hair in a grey kimono is seated at a wooden table, engaged in a traditional Japanese tea ceremony. She is focused on pouring green tea from a ceramic jug into a small cup on a bamboo tray, surrounded by a serene setting that includes a blue and white porcelain teapot, a silver tea scoop, and various other tea utensils. The room is filled with natural light, enhancing the tranquil atmosphere. A vintage desk and chair, along with a book and writing implements, suggest a space dedicated to cultural practices. The scene is bathed in natural light, highlighting the warmth and tranquility of the setting.","Bright blue, wavy hair cascading over the shoulder, maintaining natural gloss and texture.",Change the hair color to bright blue.,change
000000182720_8132741.mp4,3,0,249,25,"A woman in a wheelchair is seated at a white kitchen table, diligently slicing green onions on a wooden cutting board. She is surrounded by an array of fresh ingredients, including a bowl of ripe tomatoes, a plate of mushrooms, a bunch of green onions, and a variety of other vegetables like zucchini and greens. Her attire consists of a striped black and white top, and she wears a red shoulder bag, indicating a blend of practicality and style. The scene is set in a bright, modern kitchen, highlighting a sense of domesticity and the joy of cooking.","A woman in a wheelchair is seated at a white kitchen table, diligently slicing green onions on a marble cutting board. She is surrounded by an array of fresh ingredients, including a bowl of ripe tomatoes, a plate of mushrooms, a bunch of green onions, and a variety of other vegetables like zucchini and greens. Her attire consists of a striped black and white top, and she wears a red shoulder bag, indicating a blend of practicality and style. The scene is set in a bright, modern kitchen, highlighting a sense of domesticity and the joy of cooking.","White and grey veined marble cutting board with a polished, glossy finish.",Change the cutting board to a marble material.,change
000000207786_8632822.mp4,1,0,229,23,"A single orange tulip with a gradient from yellow to deep red petals stands prominently in the foreground, its delicate veins and vibrant colors highlighted by sunlight. The background is a lush field of tulips in various hues, including red, purple, and blue, all under a soft focus that adds depth and a dreamlike quality to the scene. As time passes, the sunlight continues to cast a warm glow on the tulip, emphasizing its vivid colors and delicate petals against the serene, sunlit garden backdrop.","A single blue tulip with a gradient from light to deep blue petals stands prominently in the foreground, its delicate veins and vibrant colors highlighted by sunlight. The background is a lush field of tulips in various hues, including red, purple, and other blue shades, all under a soft focus that adds depth and a dreamlike quality to the scene. As time passes, the sunlight continues to cast a warm glow on the tulip, emphasizing its vivid colors and delicate petals against the serene, sunlit garden backdrop.","Bright blue petals with delicate, intricate veins and soft texture.",Change the color of the flower to blue.,change
000005056513.0.mp4,1,250,499,25,"A young man with shoulder-length brown hair and a light beard is seen engaging in a phone conversation, holding a black smartphone to his right ear. He wears a royal blue t-shirt, and his expressions shift from contentment to joy, with his eyes closed and a slight smile, indicating a pleasant and cheerful interaction. The background remains a solid turquoise, emphasizing the man's casual attire and the simplicity of the scene. His demeanor throughout suggests a moment of light-heartedness and enjoyment in the conversation.","A young man with shoulder-length brown hair and a light beard is seen engaging in a phone conversation, holding a black smartphone to his right ear. He wears a red t-shirt, and his expressions shift from contentment to joy, with his eyes closed and a slight smile, indicating a pleasant and cheerful interaction. The background remains a solid turquoise, emphasizing the man's casual attire and the simplicity of the scene. His demeanor throughout suggests a moment of light-heartedness and enjoyment in the conversation.",Bright red shirt with smooth fabric and a round neckline.,Change the color of the shirt to red.,change
000000032443_4651579.mp4,2,0,239,30,"A young man with dark hair and a contemplative expression is seen in profile, wearing a ribbed brown sweater adorned with a square patch featuring a pink rose and green leaves. The scene is set against a textured concrete wall, which adds an urban feel to the composition. As time passes, the man maintains his introspective gaze, with the soft lighting casting gentle shadows on his face, enhancing the serene mood. The consistent backdrop and his unchanging expression suggest a moment of quiet reflection.","A young man with dark hair and a contemplative expression is seen in profile, wearing a ribbed brown sweater. The scene is set against a textured concrete wall, which adds an urban feel to the composition. As time passes, the man maintains his introspective gaze, with the soft lighting casting gentle shadows on his face, enhancing the serene mood. The consistent backdrop and his unchanging expression suggest a moment of quiet reflection.",Beige ribbed sweater with seamless texture and uniform color.,Remove the floral pattern from the sweater.,remove
000000064800_5644695.mp4,8,526,738,25,"The video features a cozy bedroom with a disheveled white mattress on a wooden floor, bathed in natural light from a window. A vase with white flowers and a full-length mirror reflecting the room's interior are present, adding to the tranquil atmosphere. The scene is consistent throughout the video, with the mattress's casual state and the room's warm, inviting ambiance being the focal points.","The video features a cozy bedroom with a disheveled white mattress on a wooden floor, bathed in natural light from a window. A vase with white flowers and a full-length mirror reflecting the room's interior are present, adding to the tranquil atmosphere. The scene is consistent throughout the video, with the mattress's casual state and the room's warm, inviting ambiance being the focal points.","Wooden window frame with clear glass reflecting soft, natural light.",Remove the curtain.,remove
000000070067_5758772.mp4,1,465,685,29,"A craftsman meticulously polishes a wooden piece with a hand-held grinder, the spinning wheel adorned with a red and black disc. Sparks fly from the contact, highlighting the intense heat and energy of the woodworking process. The craftsman's hand, wearing a glove, guides a file along the wood's edge, emphasizing the precision and skill involved. The scene, set in a workshop bathed in natural light, showcases the craftsman's dedication to creating a smooth finish on the wood, with the grinder's spinning wheel and the craftsman's steady hand as focal points.","A wooden piece is polished with a hand-held grinder, the spinning wheel adorned with a red and black disc. Sparks fly from the contact, highlighting the intense heat and energy of the woodworking process. The file glides along the wood's edge, emphasizing the precision and skill involved. The scene, set in a workshop bathed in natural light, showcases the craftsman's dedication to creating a smooth finish on the wood, with the grinder's spinning wheel as a focal point.",Smooth black stick with consistent texture and lighting.,Remove the hand from the image.,remove
000000129884_7046823.mp4,3,0,289,29,"A drone captures a serene mountain range, showcasing its majestic peaks and rugged terrain. Initially, the landscape is bathed in sunlight, with a clear blue sky and sparse clouds overhead. The mountains, adorned with greenery and limestone outcrops, rise sharply from a valley, creating a tranquil and untouched natural scene. As the footage continues, the sunlight casts deep shadows, accentuating the textures and contours of the mountains. The clear blue sky, dotted with wispy clouds, enhances the vivid colors and peacefulness of the natural environment, evoking a sense of tranquility and untouched wilderness.","A drone captures a serene mountain range, showcasing its majestic peaks and rugged terrain. Initially, the landscape is bathed in sunlight, with a clear blue sky overhead. The mountains, adorned with greenery and limestone outcrops, rise sharply from a valley, creating a tranquil and untouched natural scene. As the footage continues, the sunlight casts deep shadows, accentuating the textures and contours of the mountains. The clear blue sky enhances the vivid colors and peacefulness of the natural environment, evoking a sense of tranquility and untouched wilderness.",Clear cloudless blue sky with smooth gradient tones.,Remove the cloud from the sky.,remove
000000182402_8125996.mp4,14,350,599,25,"Three young adults are in a modern office, deeply engaged in a collaborative discussion. Initially, a man in a beige jacket holds a document, conversing with a woman in a striped top who listens intently, while another woman with a pen and notebook observes. As time passes, the man switches to holding a pen, continuing the discussion with the woman in the striped top, who now holds a notebook and pen, while the woman with a colorful headscarf and red vest gestures actively. The environment is bright, with natural light, green plants, and contemporary furnishings, emphasizing a creative and professional atmosphere.","Three young adults are in a modern office, deeply engaged in a collaborative discussion. Initially, a man in a beige jacket holds a document, conversing with a woman in a striped top who listens intently, while another woman with a pen and notebook observes. As time passes, the man switches to holding a pen, continuing the discussion with the woman in the striped top, who now holds a notebook and pen, while the woman with a colorful headscarf and red vest gestures actively. The environment is bright, with natural light, green plants, and contemporary furnishings, emphasizing a creative and professional atmosphere.",Blurred wooden desk with scattered papers and a potted plant.,Remove the monitor from the image.,remove
000000000201_853879.mp4,1,0,137,23,"A narrow dirt road winds through a dense tropical forest, leading to a tranquil turquoise sea. The untouched landscape is bathed in sunlight, with a clear blue sky above. A solitary white vehicle is seen traveling along the road, surrounded by the lush greenery and the calm sea, emphasizing the area's natural beauty and serenity. The scene is consistently devoid of other people or structures, highlighting the remote and peaceful setting.","A dense tropical forest leads to a tranquil turquoise sea. The untouched landscape is bathed in sunlight, with a clear blue sky above. A solitary white vehicle is surrounded by the lush greenery and the calm sea, emphasizing the area's natural beauty and serenity. The scene is consistently devoid of other people or structures, highlighting the remote and peaceful setting.",Lush green grass and scattered wildflowers covering the landscape seamlessly.,Remove the winding path from the landscape.,remove
000000000243_853945.mp4,9,300,519,30,"A train track runs parallel to a tall, dark blue fence under a sky painted with strokes of orange and yellow, suggesting the golden hour of sunrise or sunset. The scene is tranquil, with no people or animals in sight, and the stillness is accentuated by the absence of movement. As the train moves, the surrounding greenery and the fence's silhouette against the sky's warm hues are highlighted, creating a serene atmosphere. The consistent absence of people or animals throughout emphasizes the tranquility of the journey.","A train track runs under a sky painted with strokes of orange and yellow, suggesting the golden hour of sunrise or sunset. The scene is tranquil, with no people or animals in sight, and the stillness is accentuated by the absence of movement. As the train moves, the surrounding greenery is highlighted against the sky's warm hues, creating a serene atmosphere. The consistent absence of people or animals throughout emphasizes the tranquility of the journey.",Golden sunset hues blending seamlessly with a smooth horizon.,Remove the railing from the scene.,remove
000000000396_854161.mp4,1,0,249,25,"A hand-held white plastic watering can is used to water a vibrant collection of pink and purple flowers, including geraniums and possibly petunias, in a white planter. The scene is set outdoors, with a backdrop of lush greenery, suggesting a garden or balcony setting. The can is actively spraying water, creating a misty ambiance that highlights the freshness of the moment. The consistent action of watering the flowers is shown throughout, with the setting and the presence of the can remaining unchanged.","A hand-held white plastic watering can is used to water a vibrant collection of pink and purple flowers, including geraniums and possibly petunias, in a white planter. The scene is set outdoors, with a backdrop of lush greenery, suggesting a garden or balcony setting. The can is actively spraying water, creating a misty ambiance that highlights the freshness of the moment. The consistent action of watering the flowers is shown throughout, with the setting and the presence of the can remaining unchanged.",Lush green foliage with vibrant pink flowers and soft sunlight.,Remove the railing from the image.,remove
